map_id,name,monster_count
698,Ocean Pantry: Deepest Part,
697,Ocean Pantry,
696,Grieving Souls Collab Venue For Lv300-330,
695,Grieving Souls Collab Venue For Lv190-270,
694,Grieving Souls Collab Venue For Lv40-140,
693,Ghostfire Oni Fortress,
692,Early Sakura Shrine: Fortress Path,
691,Early Sakura Shrine: Big Cherry Blossom Tree,
690,Mt. White Peach: Outskirts,
689,Mt. White Peach: Depth,
688,Mt. White Peach,
687,Mt. Black Peach: Depth,
686,Mt. Black Peach,
683,Leafy Sakura Village,
680,Pirates' Hideout: Area 3,
679,Pirates' Hideout: Area 2,
678,Pirates' Hideout: Area 1,
677,Rahulik Beach,
672,Wizka Forest,
671,Ruhig Trail,
670,Wizka Forest : Depths,
669,Wizka Forest : Inner Area,
668,Lixaro Ghost Town: Mansion,
667,Vicus Mutans: Square,
666,Aquasida: Central,
665,Fango Village,
664,Rode Zag Range: Spirit Tree Sanctum,
663,Raden Tower: Air Vent Exit,
662,Raden Tower: Top Floor,
661,Nebbia Coast: Rocky Area,
660,Afdal Uplands: Summit,
659,Avanclain Shrine,
658,Grazen Tower : Level 1,
657,Grazen Tower : Top Floor,
656,Grazen Forecourt,
655,Izolara Underground Passage : Hidden Passage,
654,Dycan Lake Swamp,
653,Ancient Exhibition Grounds,
652,Vykon Music Hall: Entrance,
651,Vykon Music Hall: Entrance,
650,Vykon Music Hall: Entrance,
649,Vykon Music Hall: Entrance,
648,Vykon Music Hall: Entrance,
647,Vykon Music Hall: Entrance,
646,Vykon Music Hall: Entrance,
645,Vykon Music Hall: Entrance,
644,Vykon Music Hall: Entrance,
643,Day Sakura Garden,
642,Day Sakura Garden: Mountains,
641,Madeleine Plains,
640,Anglaise Forest,
639,Tower of Clamor: Rooftop,
634,Tower of Clamor: Area 3 (230-234),
633,Tower of Clamor: Area 2 (230-234),
632,Tower of Clamor: Area 1 (230-234),
631,Tower of Clamor: Area 3 (210-214),
630,Tower of Clamor: Area 2 (210-214),
629,Tower of Clamor: Area 1 (210-214),
628,Tower of Clamor: Area 3 (190-194),
627,Tower of Clamor: Area 2 (190-194),
626,Tower of Clamor: Area 1 (190-194),
625,Tower of Clamor : Entrance,
624,Aquastida Central,
623,Aquastida Inner Ward,
622,Aquastida Corridor,
621,Aquastida Entrance,
620,Latum Wetlands,
619,Umidus Valley: Cliff Path,
618,Umidus Valley: Area 3,
617,Umidus Valley: Area 2,
616,Umidus Valley: Area 1,
613,Deusania's Lab Innermost Chambers ,
611,Deusania's Lab,
602,Siccus Plains,
601,Eumano Village Ruins: Central,
600,Eumano Village Ruins: Area 3,
599,Eumano Village Ruins: Area 2,
598,Eumano Village Ruins: Area 1,
593,Perdida Wasteland,
592,Menabra Plains,
591,Aquacity: Parliament Hall,
590,Marinatown: Giant Plastida,
589,Marinatown: Area 3,
588,Marinatown: Area 2,
587,Marinatown: Area 1,
586,Carretera Mar,
585,Carretera Mar,
584,Little Shrine of Grace Sanctuary,
583,Little Shrine of Grace: Area 3,
582,Little Shrine of Grace: Area 2,
581,Little Shrine of Grace: Area 1,
580,Pipeline Corridor,
576,Deep Sea: Deepest Zone,
575,Deep Sea: Zone 3,
574,Deep Sea: Zone 2,
573,Deep Sea: Zone 1,
572,Path to the Deep Sea,
554,Abandoned District: Ruins Summit,
553,Abandoned District: Area 3,
552,Abandoned District: Area 2,
551,Abandoned District: Area 1,
550,Seabed,
549,Risus Valley: Depths,
548,Risus Valley: Area 3,
547,Risus Valley: Area 2,
546,Risus Valley: Area 1,
545,Aquacity,
544,Espuma Dome: Entrance,
543,Espuma Dome: Area 3,
542,Espuma Dome: Area 2,
541,Espuma Dome: Area 1,
540,Subma Cave,
539,Saltau's Beach (Night),
538,Anniversary Arena: 8th Venue,
537,Puerta Islands: Adit,
536,Puerta Islands: Area 3,
535,Puerta Islands: Area 2,
534,Puerta Islands: Area 1,
533,Labrum Atoll,
532,Frozen Falls: Depths,
531,Frozen Falls: Area 3,
530,Frozen Falls: Area 2,
529,Frozen Falls: Area 1,
528,Algid Passage,
527,Eagle Talon Collab Venue,
526,Boma Konda: Village Center,
525,Boma Konda: Underground Area,
524,Boma Konda: Entrance,
523,Jabali Kubwa: Summit,
522,Jabali Kubwa: Area 3,
521,Jabali Kubwa: Area 2,
520,Jabali Kubwa: Area 1,
519,Kabla Jabali,
518,Propulsion System Room,
517,Propulsion System Zone: Power Tank,
516,Propulsion System Zone: Accelerator,
515,Propulsion System Zone: Power Converter,
514,Mt. Sakuraten: Summit,
513,Mt. Sakuraten,
512,Sable Plains,
511,El Scaro: Back Alley,
510,Chocolate Reservoir,
509,Tunnel of Trials,
508,Illuminare City: Central Square,
507,Illuminare City: Route 3 (210-230),
506,Illuminare City: Route 2 (210-230),
505,Illuminare City: Route 1 (210-230),
504,Illuminare City: Route 3 (190-210),
503,Illuminare City: Route 2 (190-210),
502,Illuminare City: Route 1 (190-210),
501,Illuminare City: Route 3 (170-190),
500,Illuminare City: Route 2 (170-190),
499,Illuminare City: Route 1 (170-190),
498,Royal Dragon Cocoon Chamber,
497,Weredragon's Vital Point: Area 2,
496,Weredragon's Vital Point: Area 1,
495,Stairway to Vital Point,
494,Operation Zone: Cockpit Area,
493,Operation Zone: Climate Control Area,
492,Operation Zone: Residential Area,
491,Operation Zone: Power Control Area,
490,Freight Corridor,
489,Phasma Forest: Area 3,
488,Phasma Forest: Area 2,
487,Phasma Forest: Area 1,
486,Manor of Surprises: Grand Hall,
485,Tir Na Nog Square,
484,Boma Moja: Village Center,
483,Boma Moja: Area 3,
482,Boma Moja: Area 2,
481,Boma Moja: Area 1,
480,Nebula Plain,
479,Anniversary Arena: 7th Venue,
478,Draco Town,
477,Weredragon's Throat,
476,Guardian Forest: Outer Area,
475,Milcaska Falls: Weredragon's Mouth,
474,Milcaska Falls: Army Base,
473,Milcaska Falls: Waterfall,
472,Vulcani Underground Passage,
471,Celesa's Tree Garden,
470,Vulcani Crater Base,
469,Mt. Vulcani: Summit,
468,Mt. Vulcani: Area 3,
467,Mt. Vulcani: Area 2,
466,Mt. Vulcani: Area 1,
465,Sugar Plain,
464,Arstida: Depth,
463,Arstida: Area 2,
462,Arstida: Area 1,
461,Vulcani Foothills,
460,Divido Spring,
459,Divido Valley: Area 3,
458,Divido Valley: Area 2,
457,Divido Valley: Area 1,
456,Flumen Plains,
455,Prime Ramus: Village,
454,Prime Ramus: Area 3,
453,Prime Ramus: Area 2,
452,Prime Ramus: Area 1,
451,Eumano Glade,
450,Noeliel Castle: B4F,
449,Noeliel Castle: B3F (190-210),
448,Noeliel Castle: B2F (190-210),
447,Noeliel Castle: B1F (190-210),
446,Noeliel Castle: B3F (170-190),
445,Noeliel Castle: B2F (170-190),
444,Noeliel Castle: B1F (170-190),
443,Noeliel Castle: B3F (150-170),
442,Noeliel Castle: B2F (150-170),
441,Noeliel Castle: B1F (150-170),
440,Navida's Relics,
439,Frozen Navida City: Square (100-120),
438,Frozen Navida City: East (100-120),
437,Frozen Navida City: West (100-120),
436,Frozen Navida City: Crossroad (100-120),
435,Frozen Navida City: Square (80-100),
434,Frozen Navida City: East (80-100),
433,Frozen Navida City: West (80-100),
432,Frozen Navida City: Crossroad (80-100),
431,Frozen Navida City: Square (60-80),
430,Frozen Navida City: East (60-80),
429,Frozen Navida City: West (60-80),
428,Frozen Navida City: Crossroad (60-80),
427,Manor of Surprises,
426,Halloween Mansion: 1F,
425,Storage Yard: Arena,
424,Storage Yard: Area 2,
423,Storage Yard: Area 1,
422,Country Road,
421,Guardian Forest: Inner Area,
420,Guardian Forest: Giant Tree,
419,Guardian Forest: Lost Woods,
418,Movere Specula,
417,Underwater Canyon: Depths,
416,Underwater Canyon: Area 3,
415,Underwater Canyon: Area 2,
414,Underwater Canyon: Area 1,
413,Anniversary Arena: 6th Venue,
412,Fugitive Lake Swamp: Depths,
411,Fugitive Lake Swamp: Area 3,
410,Fugitive Lake Swamp: Area 2,
409,Fugitive Lake Swamp: Area 1,
408,Noisy Woodland,
407,Manna Waterfront,
406,Arche Valley: Area 3,
405,Arche Valley: Area 2,
404,High Difficulty Boss Battle Event Venue,
403,Nov Diela Central,
402,Nov Diela Area 3,
401,Nov Diela Area 2,
400,Nov Diela Area 1,
399,Archfiend's Throne,
398,Lush Falls : Upstream,
397,Witch's Woods Depths,
396,Nezim Wetlands,
395,Kitagawa Dream Center,
394,Snowball Mini Game Venue,
393,Cookie Road,
392,Rokoko City Ruins,
391,Witch's Woods Area 3,
390,Witch's Woods Area 2,
389,Witch's Woods Area 1,
388,Creme Cliff (Valentine's Day Event),
387,Tomte Pavillion (130-150),
386,Tomte Pavillion (150-170),
385,Tomte Pavillion (170-190),
384,Pom Taming Land,
383,HATSUNE MIKU Collab Venue,
382,Arche Valley: Depths,
381,Arche Valley: Area 1,
380,Celarra Plateau,
379,Ducia Coast: Depths,
378,Ducia Coast: Area 3,
377,Ducia Coast: Area 2,
376,Ducia Coast: Area 1,
375,Inje Village,
374,Lunagent Cliff Base,
373,Phantom Wisp's Hideout: Theater,
372,Phantom Wisp's Hideout,
371,Neo Plastida,
370,Ruins of Urban Elban,
369,Underwater Ruins: Deepest,
368,Underwater Ruins,
367,Anniversary Arena: 5th Venue,
366,Geist Desert: Depths,
365,Geist Desert: Area 3,
364,Geist Desert: Area 2,
363,Geist Desert: Area 1,
362,Inanis Wilderness,
361,Deltzon Research Zone: Deepest Area,
360,Deltzon Research Zone: Area 3,
359,Deltzon Research Zone: Area 2,
358,Deltzon Research Zone: Area 1,
357,Old Lufenas Mansion Ruins,
356,Morga Wasteland: Deepest Area,
355,Morga Wasteland: Area 3,
354,Morga Wasteland: Area 2,
353,Morga Wasteland: Area 1,
352,Dea Ruinea,
351,Twilight Sakura Castle: Top,
350,Twilight Sakura Castle: Outside,
349,Twilight Sakura Castle: Inside,
348,Recetacula Sector: Depot Rooftop,
347,Recetacula Sector: Area 3,
346,Recetacula Sector: Area 2,
345,Recetacula Sector: Area 1,
344,Pupalov Sector,
343,Avant Plastida: Deepest Area,
342,Avant Plastida: Area 3,
341,Avant Plastida: Area 2,
340,Avant Plastida: Area 1,
339,Dikkit Sector,
338,Sweet Hades,
337,Labilans Sector: Square,
336,Labilans Sector: Area 3,
335,Labilans Sector: Area 2,
334,Labilans Sector: Area 1,
333,Altoale Sector,
332,Joulu House: Hall (Lv 150),
331,Joulu House: Hall (Lv130),
330,Joulu House: Hall (Lv 110),
329,Joulu House: Gift Room (Lv 150),
328,Joulu House: Depot (Lv 150),
327,Joulu House: Center (Lv 150),
326,Joulu House: Gift Room (Lv 130),
325,Joulu House: Depot (Lv 130),
324,Joulu House: Center (Lv 130),
323,Joulu House: Gift Room (Lv 100),
322,Joulu House: Depot (Lv 100),
321,Joulu House: Center (Lv 110),
320,Reindeer Forest,
319,Fractum Sector: Bridge Entrance,
318,Fractum Sector: Area 3,
317,Fractum Sector: Area 2,
316,Fractum Sector: Area 1,
315,Fabriska Sector,
314,Zarth's Mansion: Back,
313,Zarth's Mansion: Study,
312,Zarth's Mansion: Parlor,
311,Zarth's Mansion: Entrance,
310,Morthell Swell: Deep Area,
309,Morthell Swell: Area 3,
308,Morthell Swell: Area 2,
307,Morthell Swell: Area 1,
306,Forest of Ein,
305,Otsukimi Event Venue: Crater Zone,
304,Eryldan Street: Near the Forest of Ein,
303,Eryldan Street: Area 3,
302,Eryldan Street: Area 2,
301,Eryldan Street: Area 1,
300,Wazeero Street,
299,Anniversary Arena: 4th Venue,
298,Elf Mountains: Watchtower,
297,Dark Dragon Shrine: Near the Top,
296,Dark Dragon Shrine: Upper,
295,Dark Dragon Shrine: Middle,
294,Dark Dragon Shrine: Lower,
293,Elf Mountains: Shrine,
292,Elf Mountains: Area 3,
291,Elf Mountains: Area 2,
290,Elf Mountains: Area 1,
289,Garden of Ice & Snow,
288,Sakura Castle Donjon: Top,
287,Sakura Castle Donjon: Upper,
286,Sakura Castle Donjon: Lower,
285,Sakura Castle: Outside,
284,Shrine of the Goddess of Species,
283,Hall of Special Gods,
282,Hall of Construction Gods,
281,Shrine of the Gods: Area 4,
280,Heresy Corridor,
279,Hall of Blessings Gods,
278,Shrine of The Gods: Area 3,
277,Shrine of The Gods: Area 2,
276,Shrine of The Gods: Area 1,
275,Barbaros Corridor,
274,Ruins of Mt. Mithurna: Open Air,
273,Ruins of Mt. Mithurna: Long Stairs,
272,Ruins of Mt. Mithurna: Stylobate,
271,Noeliel Castle: Hall (100-120),
270,Noeliel Castle: 2F (100-120),
269,Noeliel Castle: Entrance (100-120),
268,Noeliel Castle: Hall (80-100),
267,Noeliel Castle: 2F (80-100),
266,Noeliel Castle: Entrance (80-100),
265,Noeliel Castle: Hall (120-140),
264,Noeliel Castle 2F (120-140),
263,Noeliel Castle Entrance (120-140),
262,Forgotten Cave,
261,Rokoko Plains,
260,Mt. Mithurna: Entrance,
259,Decaying Ruins,
258,Curonne Forest: North Area 2,
257,Curonne Forest: North Area 1,
256,Nov Saterica,
255,Curonne Forest: East,
254,Halloween Mansion Basement,
253,Otsukimi Event Venue,
252,Turnus Mine: Hall,
251,Turnus Mine: Area 3,
250,Turnus Mine: Area 2,
249,Turnus Mine: Area 1,
248,Tolbas GrassLand,
247,Buried Tower: Entrance,
246,Buried Tower: Inside,
245,Buried Tower: Collapsed Top,
244,Saltau's Beach: Underwater,
243,Saltau's Beach: Beach House,
242,Ultimea Palace: Throne,
241,Anniversary Arena: 3rd Venue,
240,Anniversary Arena: 2nd Venue,
239,Anniversary Arena: 1st Venue,
238,Copia Reservoir,
237,Ultimea Palace: Corridor,
236,Ultimea Palace: Demi Machina Storage,
235,Ultimea Palace: Storage Area 2,
234,Ultimea Palace: Storage Area 1,
233,Droma Square,
232,Suburb of Droma Square: Area 3,
231,Suburb of Droma Square: Area 2,
230,Suburb of Droma Square: Area 1,
229,Ultimea City: Roof,
228,Cuervo Jail: Roof,
227,Cuervo Jail: 3rd Floor,
226,Cuervo Jail: 2nd Floor,
225,Cuervo Jail: 1st Floor,
224,Ultimea Sewer: South,
223,Hanami Event Venue: Dock (Chapter 3 Normal),
222,Hanami Event Venue (Chapter 3 Normal),
221,Hanami Event Venue: Dock (Chapter 3 Easy),
220,Hanami Event Venue (Chapter 3 Easy),
219,Hanami Event Venue: Dock (Chapter 3 Hard),
218,Hanami Event Venue (Chapter 3 Hard),
217,Brahe Laboratory: 4th Building,
216,Brahe Laboratory: 3rd Building,
215,Brahe Laboratory: 2nd Building,
214,Brahe Laboratory: 1st Building,
213,Ultimea Sewer: Southeast,
212,Ultimea Sewer: East,
211,Lufenas Mansion: Hall,
210,Lufenas Mansion: Library,
209,Lufenas Mansion: Corridor,
208,Lufenas Mansion: Entrance,
207,Lufenas Mansion: Garden,
206,Ultimea: Outer Gate,
205,Hora Diomedea: Blacksmith,
204,Hora Diomedea: Synthesist,
203,Hora Diomedea,
202,Monster's Forest: Tree Way,
201,Monster's Forest: Deep Part,
200,Monster's Forest: Animal Trail,
199,Monster's Forest: Foggy Way,
198,Navida City: East (60-80),
197,Navida City: West  (60-80),
196,Navida City: Crossroad (60-80),
195,Navida City: East (100-120),
194,Navida City: West (100-120),
193,Navida City: Crossroad (100-120),
192,Navida City: Central Square,
191,Navida City: East (80-100),
190,Navida City: West (80-100),
189,Navida City: Crossroad (80-100),
188,Large Demi Machina Factory: Deepest Part,
187,Large Demi Machina Factory: Area 3,
186,Large Demi Machina Factory: Area 2,
185,Large Demi Machina Factory: Area 1,
184,Sykea Deep Valley,
183,Small Demi Machina Factory Core,
182,Small Demi Machina Factory: Area 3,
181,Small Demi Machina Factory: Area 2,
180,Small Demi Machina Factory: Area 1,
179,Peligro Landfill,
178,Halloween Castle,
177,Halloween Castle: Entrance,
176,Huge Crysta Factory: Storage,
175,Huge Crysta Factory: 3rd Floor,
174,Huge Crysta Factory: 2nd Floor,
173,Huge Crysta Factory: 1st Floor,
172,Site of Simcracker,
171,Singolare Ruins: 3rd Floor,
170,Singolare Ruins: 2nd Floor,
169,Singolare Ruins: 1st Floor,
168,Klaspe Slum,
167,Blazing Graben: Deepest Part,
166,Blazing Graben: Lower,
165,Blazing Graben: Upper,
164,Blazing Graben: Surface,
163,Artillery Defense Line,
162,Einklang,
161,Dark Castle: Grand Hall,
160,Dark Castle: Area 3,
159,Dark Castle: Area 2,
158,Dark Castle: Area 1,
157,Plastida: Deepest Part,
156,Plastida: Area 2,
155,Plastida: Area 1,
154,Dark Manor: Area 2,
153,Dark Manor: Area 1,
152,Hanami Venue: Summit,
151,Hanami Mountain Path,
150,Cradle of Soldier: Deepest Part,
149,Cradle of Soldier: Inside,
148,Cradle of Soldier: Entrance,
147,Trace of Dark River,
146,Garden of Sublimation: Central Part,
145,Garden of Sublimation: Area 3,
144,Garden of Sublimation: Area 2,
143,Garden of Sublimation: Area 1,
142,Dark Mirror,
141,Spring of Rebirth: Top,
140,Spring of Rebirth: Upper,
139,Spring of Rebirth: Middle,
138,Spring of Rebirth: Lower,
137,Garden of Beginning,
136,Dark Wasteland,
135,Fort Solfini: Roof,
134,Fort Solfini: Inside,
133,Fort Solfini: Outside,
132,Fort Solfini: Wall,
131,Polde Ice Valley,
130,Lunagent Mountain: Deepest Area,
129,Lunagent Mountain: Area 3,
128,Lunagent Mountain: Area 2,
127,Lunagent Mountain: Area 1,
126,Calle mort,
125,Abyss of No Return: Deepest Area,
124,Abyss of No Return: Area 3,
123,Abyss of No Return: Area 2,
122,Abyss of No Return: Area 1,
121,Dunkel Valley,
120,Magic Waste Site: Deepest Part,
119,Magic Waste Site: Area 3,
118,Magic Waste Site: Area 2,
117,Magic Waste Site: Area 1,
116,Teaus Hill: Marshland,
115,Teaus Hill,
114,El Scaro: Temp Place,
113,El Scaro: Synthesist,
112,El Scaro: Blacksmith,
111,El Scaro,
110,Wanderer's Plain,
109,Akaku Downtown: Palace,
108,Akaku Downtown,
107,Akaku Desert: Hill,
106,Akaku Desert: Area 2,
105,Akaku Desert: Area 1,
104,Gravel Terrace,
103,Maia Diela,
102,Gate to Another World: Front,
101,Gate to Another World: Area 2,
100,Gate to Another World: Area 1,
99,Road to Another World: Area 2,
98,Road to Another World: Area 1,
97,Vyshed the Tainted Land: Area 2,
96,Albatif Village,
95,Vyshed the Tainted Land: Area 1,
94,Fabizo Boundary,
93,Centerio Highlands,
92,Lost Town: Magic Barrier,
91,Lost Town: Square,
90,Lost Town,
89,Ethos Fortress,
88,-,
87,Event,
86,Daily Stamp,
85,Orb Shop,
84,Land Under Cultivation: Hill,
83,Land Under Cultivation: Area 3,
82,Land Under Cultivation: Area 2,
81,Land Under Cultivation: Area 1,
80,Figo's Manor,
79,Sofya City: Government Office,
78,Sofya City: Library,
77,Sofya City: Synthesist,
76,Sofya City: Blacksmith,
75,Ancient Empress Tomb: Deepest Part,
74,Ancient Empress Tomb: Area 3,
73,Ancient Empress Tomb: Area 2,
72,Ancient Empress Tomb: Area 1,
71,Harde Hill,
70,Darkanon Plain,
69,Saham Underground Cave - Deepest Part,
68,Saham Underground Cave: B3,
67,Saham Underground Cave: B2,
66,Saham Underground Cave: B1,
65,Saham Crater,
64,Korda Basin,
63,Lonogo Canyon,
62,New Moon Palace: Innermost,
61,New Moon Palace: 2nd Chamber,
60,New Moon Palace: 1st Chamber,
59,New Moon Palace,
58,Nehelo Swamp,
57,Haotas Ravine: Deepest Part,
56,Haotas Ravine,
55,Lutaros Cavern: Deepest Part,
54,Lutaros Cavern: B2,
53,Lutaros Cavern: B1,
52,Lutaros Cavern Entrance,
51,Yorl Highlands,
50,Aulada Ancient Tower,
49,Land Of Chaos,
48,Scaro Town: Deepest Part,
47,Scaro Town: Area 2,
46,Scaro Town: Area 1,
45,Douce Hamlet,
44,Zoktzda ruins : Reversed Hall,
43,Zoktzda Ruins : Abnormal Space,
42,Zoktzda Ruins,
41,Fiery Volcano: Boss Map,
40,Fiery Volcano: Area 3,
39,Fiery Volcano: Area 2,
38,Fiery Volcano: Area 1,
37,Witeka Scorched Plains,
36,Ribisco Cave: Deepest Part,
35,Ribisco Cave: Area 3,
34,Ribisco Cave: Area 2,
33,Ribisco Cave: Area 1,
32,Rinom Plains,
31,Suedor Cliff,
30,Nisel Mountain: The Top,
29,Nisel Mountain: Near The Top,
28,Nisel Mountain: Mountainside,
27,Nisel Mountain,
26,Icule Lake,
25,Marbaro Forest: Deepest Part,
24,Marbaro Forest,
23,Strum Road,
22,Rugio Ruins,
21,Debacky Channel,
20,Athema Ruins: Area 2,
19,Athema Ruins: Area 1,
18,Debakcy Channel: B2,
17,Debakcy Channel: B1,
16,Underground Channel,
15,Ruined Temple: Forbidden hall,
14,Ruined Temple: Area 3,
13,Ruined Temple: Area 2,
12,Ruined Temple: Area 1,
11,Ruined Temple Town,
10,Isthmus Of Kaus: Dragon's Den,
9,Isthmus Of Kaus,
8,Reug Salt Plains: Wanderers Camp,
7,Rakau Plains,
6,Underground Ruins: Deepest Part,
5,Underground Ruins: B2,
4,Underground Ruins: B1,
3,Underground Ruins,
2,Land Under Development,
1,Sofya City,
